{
  "loss": [
    11911.24609375,
    8133.548828125,
    4926.1474609375,
    2913.736328125,
    1937.3175048828125,
    1516.681396484375,
    1295.4078369140625,
    1160.80078125,
    1091.5330810546875,
    1035.40966796875,
    995.7839965820312,
    952.3319702148438,
    930.54345703125,
    902.30419921875,
    873.6663208007812,
    864.6092529296875,
    823.274169921875
  ],
  "mae": [
    89.0690689086914,
    68.3030014038086,
    48.8665657043457,
    35.478240966796875,
    28.473548889160156,
    25.362377166748047,
    23.639266967773438,
    22.35207748413086,
    21.751665115356445,
    21.269325256347656,
    20.937965393066406,
    20.484394073486328,
    20.35382652282715,
    20.03494644165039,
    19.832273483276367,
    19.77422523498535,
    19.32717514038086
  ],
  "rmse": [
    109.13865661621094,
    90.18618774414062,
    70.18651580810547,
    53.979034423828125,
    44.01496887207031,
    38.94459533691406,
    35.99177551269531,
    34.070526123046875,
    33.03835678100586,
    32.17778396606445,
    31.556045532226562,
    30.85987663269043,
    30.504810333251953,
    30.038379669189453,
    29.55784797668457,
    29.404237747192383,
    28.6927547454834
  ],
  "val_loss": [
    6884.37646484375,
    3871.916259765625,
    1907.3221435546875,
    1075.461181640625,
    751.6035766601562,
    651.0657958984375,
    672.3062133789062,
    622.9190063476562,
    611.5271606445312,
    622.9111938476562,
    637.0579223632812,
    665.8273315429688,
    611.3048095703125,
    654.6817626953125,
    674.6449584960938,
    676.978271484375,
    739.43115234375
  ],
  "val_mae": [
    66.7749252319336,
    46.021121978759766,
    30.4648380279541,
    23.424434661865234,
    19.44255828857422,
    18.7774658203125,
    19.296194076538086,
    18.021411895751953,
    17.758930206298828,
    17.837974548339844,
    18.045637130737305,
    18.5219783782959,
    17.70737075805664,
    18.63473129272461,
    19.127735137939453,
    18.978626251220703,
    20.091157913208008
  ],
  "val_rmse": [
    82.9721450805664,
    62.22472381591797,
    43.67290115356445,
    32.79422378540039,
    27.415390014648438,
    25.5159912109375,
    25.928869247436523,
    24.958345413208008,
    24.729074478149414,
    24.958189010620117,
    25.240005493164062,
    25.803630828857422,
    24.724578857421875,
    25.586750030517578,
    25.973928451538086,
    26.01880645751953,
    27.19248390197754
  ]
}