{
  "experiment": "ai4i_xgboost_baseline",
  "dataset": "AI4I 2020",
  "target": "Machine failure",
  "model": "XGBClassifier",
  "generated_at_utc": "2026-07-20T09:49:47.045965+00:00",
  "metrics": {
    "accuracy": 0.9795,
    "precision": 0.6708860759493671,
    "recall": 0.7794117647058824,
    "f1": 0.7210884353741497,
    "roc_auc": 0.9728032517354769,
    "confusion_matrix": [
      [
        1906,
        26
      ],
      [
        15,
        53
      ]
    ]
  },
  "train_rows": 8000,
  "test_rows": 2000,
  "positive_rate_train": 0.033875,
  "positive_rate_test": 0.034
}